<?xml version="1.0" encoding="UTF-8"?><module codename="com.sidhesh.virusTotalDesktopApplication.core">
    <module_version install_time="1449469894389" last="true" origin="installer" specification_version="1.0">
        <file crc="1834929693" name="config/Modules/com-sidhesh-virusTotalDesktopApplication-core.xml"/>
        <file crc="808372315" name="modules/com-sidhesh-virusTotalDesktopApplication-core.jar"/>
        <file crc="908197187" name="modules/ext/commons-logging-1.2.jar"/>
        <file crc="2414307520" name="modules/ext/httpclient-4.5.1.jar"/>
        <file crc="2987276640" name="modules/ext/httpcore-4.4.3.jar"/>
        <file crc="431659445" name="modules/ext/httpmime-4.5.1.jar"/>
        <file crc="3194964662" name="modules/ext/json-simple-1.1.1.jar"/>
    </module_version>
</module>
