<?xml version="1.0" encoding="UTF-8"?><module codename="org.netbeans.core.multiview/1">
    <module_version install_time="1416338698277" last="true" origin="installer" specification_version="1.40.1">
        <file crc="3216778929" name="config/Modules/org-netbeans-core-multiview.xml"/>
        <file crc="99690234" name="modules/locale/org-netbeans-core-multiview_ja.jar"/>
        <file crc="288500562" name="modules/locale/org-netbeans-core-multiview_pt_BR.jar"/>
        <file crc="2358952268" name="modules/locale/org-netbeans-core-multiview_ru.jar"/>
        <file crc="3247139965" name="modules/locale/org-netbeans-core-multiview_zh_CN.jar"/>
        <file crc="4265085082" name="modules/org-netbeans-core-multiview.jar"/>
    </module_version>
</module>
