<?xml version="1.0" encoding="UTF-8" standalone="no"?>
<module codename="org.netbeans.modules.uihandler">
    <module_version install_time="1416339489946" last="false" origin="installer" specification_version="2.31.1">
        <file crc="3675798995" name="config/Modules/org-netbeans-modules-uihandler.xml"/>
        <file crc="2158859251" name="modules/locale/org-netbeans-modules-uihandler_ja.jar"/>
        <file crc="1681154687" name="modules/locale/org-netbeans-modules-uihandler_pt_BR.jar"/>
        <file crc="2388302080" name="modules/locale/org-netbeans-modules-uihandler_ru.jar"/>
        <file crc="3685070062" name="modules/locale/org-netbeans-modules-uihandler_zh_CN.jar"/>
        <file crc="928018443" name="modules/org-netbeans-modules-uihandler.jar"/>
    </module_version>
    <module_version install_time="1443540553051" last="true" origin="NetBeans Distribution" specification_version="2.31.2">
        <file crc="3675798995" name="config/Modules/org-netbeans-modules-uihandler.xml"/>
        <file crc="2458388820" name="modules/locale/org-netbeans-modules-uihandler_ja.jar"/>
        <file crc="3198044783" name="modules/locale/org-netbeans-modules-uihandler_pt_BR.jar"/>
        <file crc="3022816632" name="modules/locale/org-netbeans-modules-uihandler_ru.jar"/>
        <file crc="3640352949" name="modules/locale/org-netbeans-modules-uihandler_zh_CN.jar"/>
        <file crc="656448282" name="modules/org-netbeans-modules-uihandler.jar"/>
    </module_version>
</module>
