<?xml version="1.0" encoding="UTF-8"?><module codename="org.netbeans.spi.quicksearch">
    <module_version install_time="1416338750119" last="true" origin="installer" specification_version="1.23.1">
        <file crc="2420451830" name="config/Modules/org-netbeans-spi-quicksearch.xml"/>
        <file crc="4279487504" name="modules/locale/org-netbeans-spi-quicksearch_ja.jar"/>
        <file crc="3299526218" name="modules/locale/org-netbeans-spi-quicksearch_pt_BR.jar"/>
        <file crc="2010857674" name="modules/locale/org-netbeans-spi-quicksearch_ru.jar"/>
        <file crc="1294808270" name="modules/locale/org-netbeans-spi-quicksearch_zh_CN.jar"/>
        <file crc="3738399022" name="modules/org-netbeans-spi-quicksearch.jar"/>
    </module_version>
</module>
