<?xml version="1.0" encoding="UTF-8"?><module codename="org.openide.actions">
    <module_version install_time="1416338774561" last="true" origin="installer" specification_version="6.35.1">
        <file crc="3556488737" name="config/Modules/org-openide-actions.xml"/>
        <file crc="2530327051" name="modules/locale/org-openide-actions_ja.jar"/>
        <file crc="1074418690" name="modules/locale/org-openide-actions_pt_BR.jar"/>
        <file crc="970862151" name="modules/locale/org-openide-actions_ru.jar"/>
        <file crc="4234068845" name="modules/locale/org-openide-actions_zh_CN.jar"/>
        <file crc="971610029" name="modules/org-openide-actions.jar"/>
    </module_version>
</module>
