<?xml version="1.0" encoding="UTF-8"?><module codename="org.openide.windows">
    <module_version install_time="1416338658351" last="true" origin="installer" specification_version="6.71.1">
        <file crc="3877728110" name="config/Modules/org-openide-windows.xml"/>
        <file crc="3877741089" name="modules/locale/org-openide-windows_ja.jar"/>
        <file crc="814732795" name="modules/locale/org-openide-windows_pt_BR.jar"/>
        <file crc="3723495234" name="modules/locale/org-openide-windows_ru.jar"/>
        <file crc="3602844243" name="modules/locale/org-openide-windows_zh_CN.jar"/>
        <file crc="633644791" name="modules/org-openide-windows.jar"/>
    </module_version>
</module>
