<?xml version="1.0" encoding="UTF-8"?><module codename="org.openide.nodes">
    <module_version install_time="1416338463023" last="true" origin="installer" specification_version="7.39.1">
        <file crc="11361373" name="config/ModuleAutoDeps/org-openide-nodes.xml"/>
        <file crc="3092369940" name="config/Modules/org-openide-nodes.xml"/>
        <file crc="370361316" name="modules/locale/org-openide-nodes_ja.jar"/>
        <file crc="468654289" name="modules/locale/org-openide-nodes_pt_BR.jar"/>
        <file crc="3973846892" name="modules/locale/org-openide-nodes_ru.jar"/>
        <file crc="1844246083" name="modules/locale/org-openide-nodes_zh_CN.jar"/>
        <file crc="2206721618" name="modules/org-openide-nodes.jar"/>
    </module_version>
</module>
