<?xml version="1.0" encoding="UTF-8"?><module codename="org.netbeans.core.multitabs/1">
    <module_version install_time="1416339960212" last="true" origin="installer" specification_version="1.8.1.1">
        <file crc="3018881510" name="config/Modules/org-netbeans-core-multitabs.xml"/>
        <file crc="1411605277" name="modules/locale/org-netbeans-core-multitabs_ja.jar"/>
        <file crc="2105112571" name="modules/locale/org-netbeans-core-multitabs_pt_BR.jar"/>
        <file crc="4288583572" name="modules/locale/org-netbeans-core-multitabs_ru.jar"/>
        <file crc="3012671929" name="modules/locale/org-netbeans-core-multitabs_zh_CN.jar"/>
        <file crc="2456785499" name="modules/org-netbeans-core-multitabs.jar"/>
    </module_version>
</module>
