<?xml version="1.0" encoding="UTF-8"?><module codename="org.netbeans.modules.queries/1">
    <module_version install_time="1416338246099" last="true" origin="installer" specification_version="1.39.1">
        <file crc="28992633" name="config/ModuleAutoDeps/org-netbeans-modules-queries.xml"/>
        <file crc="4168841736" name="config/Modules/org-netbeans-modules-queries.xml"/>
        <file crc="2127978686" name="modules/locale/org-netbeans-modules-queries_ja.jar"/>
        <file crc="3948746265" name="modules/locale/org-netbeans-modules-queries_pt_BR.jar"/>
        <file crc="3269314962" name="modules/locale/org-netbeans-modules-queries_ru.jar"/>
        <file crc="15665819" name="modules/locale/org-netbeans-modules-queries_zh_CN.jar"/>
        <file crc="2179514075" name="modules/org-netbeans-modules-queries.jar"/>
    </module_version>
</module>
