<?xml version="1.0" encoding="UTF-8"?><module codename="org.netbeans.modules.spi.actions/1">
    <module_version install_time="1416338005779" last="true" origin="installer" specification_version="1.24.1">
        <file crc="1336977091" name="config/Modules/org-netbeans-modules-spi-actions.xml"/>
        <file crc="1422482204" name="modules/locale/org-netbeans-modules-spi-actions_ja.jar"/>
        <file crc="3350042305" name="modules/locale/org-netbeans-modules-spi-actions_pt_BR.jar"/>
        <file crc="232569592" name="modules/locale/org-netbeans-modules-spi-actions_ru.jar"/>
        <file crc="1905028927" name="modules/locale/org-netbeans-modules-spi-actions_zh_CN.jar"/>
        <file crc="3517805183" name="modules/org-netbeans-modules-spi-actions.jar"/>
    </module_version>
</module>
