<?xml version="1.0" encoding="UTF-8"?><module codename="org.netbeans.core.netigso">
    <module_version install_time="1416338636756" last="true" origin="installer" specification_version="1.27.1">
        <file crc="3723901005" name="config/Modules/org-netbeans-core-netigso.xml"/>
        <file crc="1338186881" name="modules/locale/org-netbeans-core-netigso_ja.jar"/>
        <file crc="74653940" name="modules/locale/org-netbeans-core-netigso_pt_BR.jar"/>
        <file crc="1390096124" name="modules/locale/org-netbeans-core-netigso_ru.jar"/>
        <file crc="1029438749" name="modules/locale/org-netbeans-core-netigso_zh_CN.jar"/>
        <file crc="680101072" name="modules/org-netbeans-core-netigso.jar"/>
    </module_version>
</module>
