<?xml version="1.0" encoding="UTF-8"?><module codename="org.netbeans.core.network">
    <module_version install_time="1416339040272" last="true" origin="installer" specification_version="1.6.1">
        <file crc="2799144563" name="config/Modules/org-netbeans-core-network.xml"/>
        <file crc="2601114686" name="modules/ext/nsProxyAutoConfig.js"/>
        <file crc="211691562" name="modules/locale/org-netbeans-core-network_ja.jar"/>
        <file crc="2029724574" name="modules/locale/org-netbeans-core-network_pt_BR.jar"/>
        <file crc="3236898194" name="modules/locale/org-netbeans-core-network_ru.jar"/>
        <file crc="46250257" name="modules/locale/org-netbeans-core-network_zh_CN.jar"/>
        <file crc="2992984934" name="modules/org-netbeans-core-network.jar"/>
    </module_version>
</module>
