<?xml version="1.0" encoding="UTF-8"?><module codename="org.openide.dialogs">
    <module_version install_time="1416338195273" last="true" origin="installer" specification_version="7.38.1">
        <file crc="807629635" name="config/Modules/org-openide-dialogs.xml"/>
        <file crc="863214535" name="modules/locale/org-openide-dialogs_ja.jar"/>
        <file crc="399672696" name="modules/locale/org-openide-dialogs_pt_BR.jar"/>
        <file crc="1966211532" name="modules/locale/org-openide-dialogs_ru.jar"/>
        <file crc="3165312785" name="modules/locale/org-openide-dialogs_zh_CN.jar"/>
        <file crc="1111263071" name="modules/org-openide-dialogs.jar"/>
    </module_version>
</module>
